index	term_name	origin	prediction	probability
17	2r3k1/2P2p2/p7/7p/3bpP1q/8/P1Q2RKB/5N2 b - - 0 37	False	True	1.0
41	r6r/p2pqp1k/2nN2p1/2Q5/8/3b2Pp/PP3P1P/2R1R1K1 w - - 0 27	False	True	1.0
50	3r2k1/pp4p1/7p/5p1P/2rB1Q2/8/PPq2P2/K2R2R1 b - - 2 29	False	True	1.0
55	8/p4pp1/5n1k/4p2Q/8/1Br1P1P1/P5P1/R5K1 b - - 0 37	False	True	1.0
60	3r1B1k/2q2p1n/2p3r1/1p1nP2Q/p7/P6N/1PP3B1/R3R2K b - - 0 31	False	True	1.0
69	2r2rk1/pp4p1/3b2Np/5p1P/3B1n2/5Q2/PPq2P2/1K1R3R w - - 0 26	False	True	1.0
75	2nb4/8/p1k3p1/2B1p2p/1PK1P3/5P2/6P1/3N4 w - - 2 41	False	True	1.0
76	5k2/4RP2/7p/8/6pP/3p1bP1/1P1K1R2/r7 w - - 1 57	False	True	1.0
90	r7/8/1pkp4/pR6/P1PB4/K7/1P4r1/8 b - - 3 46	False	True	1.0
100	8/1p6/2p1Bnk1/p7/4pB2/4PnP1/PP1r1PKP/1R6 w - a6 0 29	False	True	1.0
102	6N1/p7/2p1k3/2K2p2/3P4/4P3/5n2/8 b - - 5 50	False	True	1.0
104	1r6/Rp1rk2p/1R1Np3/3pPpp1/3P1P2/4K3/1Pb4P/8 b - f3 0 28	False	True	1.0
111	8/5R2/6k1/3pPpN1/3Pb2P/8/1r2K3/8 w - - 0 45	False	True	1.0
112	8/6pp/pp3p2/1k2p3/1P2P3/PK3P2/6PP/8 b - - 2 35	False	True	1.0
138	2Q5/p7/1p3rp1/k7/1P1p1N2/4nqP1/P1P1R2P/6K1 b - b3 0 33	False	True	1.0
143	6k1/8/p4pp1/1p1r1p1R/P1p2K2/2Pr4/BP4P1/R7 w - - 0 30	False	True	1.0
151	r7/8/P7/2b4P/5kP1/5N2/4K3/8 b - - 5 58	False	True	1.0
152	2Rr2k1/5pp1/1p6/4P3/7P/2Q2P2/P4q1K/8 w - - 0 36	False	True	1.0
153	6k1/7p/pp3pP1/3r1p2/P1p2K2/2Pr4/BP4P1/R6R b - - 0 28	False	True	1.0
167	5k2/4r3/8/2R2K2/2p1rp2/2P5/1P4P1/8 w - - 3 42	False	True	1.0
172	8/8/1P2pk2/3p1p2/p2P1Pp1/P1K1P1P1/6q1/4Q3 b - - 4 60	False	True	1.0
187	2r5/pQ3pp1/4qn1k/4p2P/B7/2P1P1P1/P5P1/R5K1 b - - 0 34	False	True	1.0
196	8/5p1k/1P3Q1p/4n1p1/5bP1/3q4/7P/4BK2 w - - 8 58	False	True	1.0
202	5rk1/3rR2p/1pbP2P1/p5B1/5P2/8/6P1/4R1K1 b - - 0 53	False	True	1.0
212	r7/8/1pkp4/pR6/P1P5/K1B5/1P4r1/8 w - - 2 46	False	True	1.0
223	8/7k/2P2K2/5Q2/5P1p/4P3/P5q1/8 b - - 5 48	False	True	1.0
231	1q6/1N5Q/4pk2/3p1p2/p2P1Pp1/P3P1P1/1P1K3p/8 w - - 0 54	False	True	1.0
238	r3k2r/p1pp2bp/b1p2Pp1/3n2B1/2P5/5N2/PP2qPPP/R3KB1R w KQkq - 0 13	False	True	1.0
245	1r4k1/6p1/6p1/5qP1/8/5P2/1Q5P/K2R3R b - - 2 32	False	True	1.0
263	6k1/8/5p2/1p1r1ppR/2p2K2/2Pr4/1P4P1/RB6 w - - 0 32	False	True	1.0
271	6k1/8/5p2/1p1r1pR1/2p2K2/2Pr4/1P4P1/RB6 b - - 0 32	False	True	1.0
289	b4r2/Q7/1p4k1/5p1p/2PN1P1q/4PRr1/P5P1/R5K1 w - - 1 31	False	True	1.0
295	3q3r/pp1b1k2/3p2R1/2pPp1QN/P1P1P1P1/2P5/2B2r2/6RK w - - 1 39	False	True	1.0
300	6k1/1bb3pp/p1nrp3/2Q2p2/1PP5/8/6PP/R6K b - c3 0 27	False	True	1.0
316	6k1/5p1p/pp4p1/3r1p1P/P1p1K3/2Pr4/BP4P1/R6R w - - 0 27	False	True	1.0
319	r4k1r/ppq1p3/7p/3R4/Q5p1/2b1P1P1/P4PP1/1R2KB2 w - - 2 21	False	True	1.0
335	2nb4/8/p1k3p1/2B1p2p/1PK1P3/4NP2/6P1/8 b - - 3 41	False	True	1.0
341	r7/4k2p/2pQP1b1/p1Pp1p2/1p1Pp3/P4q2/1P6/2K3R1 b - - 3 42	False	True	1.0
344	q4rk1/3n1pp1/4p1p1/2bP2P1/8/1Q3P2/PP1B3P/2KR3R b - - 0 21	False	True	1.0
346	2r5/2P5/p5k1/q4p2/4p2Q/8/P2N3B/4K3 w - - 1 48	False	True	1.0
355	r1b1k2r/3np2p/2p1Q1p1/3p2N1/p1B2q2/2P5/P1P3PP/K2R3R w kq - 0 23	False	True	1.0
356	R7/2k5/P1n5/1K6/8/8/8/8 b - - 10 71	False	True	1.0
362	4Nk2/1R3p1p/6p1/8/6P1/4P2P/rp3K2/8 w - - 0 54	False	True	1.0
379	4r2k/2n3qp/2Qp2p1/3Pb3/1p6/7P/4N1PB/4R2K w - - 0 34	False	True	1.0
392	8/8/8/1pR5/6k1/6B1/1r3pK1/8 w - - 0 49	False	True	1.0
398	b5rk/2p4p/P1q1pQ2/2P1Pp2/1B4p1/8/1P4PP/R5K1 b - - 10 37	False	True	1.0
411	5qk1/Q1R2p1p/6p1/6N1/8/p3P2P/P4rPK/3r4 w - - 0 42	False	True	1.0
419	4R1k1/8/2p4p/p1P3r1/Pp1r2PK/1P6/8/5R2 b - - 3 59	False	True	1.0
420	8/4rpbk/1P4p1/3p3p/3pn2P/3B1QP1/1RR2PK1/q7 b - - 0 53	False	True	1.0
423	1rqr1b2/2p2p1k/p3b1pN/P3p1N1/2P1P3/3nQ2P/5PP1/R1B1R1K1 b - - 1 26	False	True	1.0
425	4n1N1/5ppk/3pb3/1p2p1QP/1P2P3/2PB4/5q2/2K3R1 b - - 2 37	False	True	1.0
450	6k1/4R3/2p4p/p1P3r1/Pp1r2PK/1P6/8/5R2 w - - 2 59	False	True	1.0
469	7r/2p5/p1N1kppB/P1b5/2P1P2Q/1R5P/5nP1/3r2K1 w - - 0 37	False	True	1.0
478	b6k/2p3rp/P1q1pQ2/2P1Pp2/1B4p1/8/1P4PP/R5K1 w - - 11 38	False	True	1.0
481	4r3/7k/6pp/2n5/PpP2p2/1Pqp1N1P/3Nr1PK/1QR5 b - - 19 42	False	True	1.0
498	6k1/2p5/p4R1p/1pP4P/3pK3/1Pb5/P7/1Rr3r1 b - - 1 43	False	True	1.0
507	2r5/pQ3pp1/4qn1k/4p2P/B5p1/2P1P3/P4PP1/R5K1 b - - 0 33	False	True	1.0
522	8/1r6/3Bn3/1p2Pk1p/1R3P2/7P/7K/8 w - - 1 57	False	True	1.0
524	3Q4/6pk/4qp2/8/1R3P1P/P3P3/4r2P/2R3K1 w - - 1 42	False	True	1.0
531	8/2p5/3p1kP1/5P2/1p6/8/1P6/5K2 b - - 0 47	False	True	1.0
543	8/R7/2p3k1/p1r4p/Pp4PK/1P6/8/8 w - - 0 70	False	True	1.0
548	2Rr2k1/5pp1/1p6/4P3/7P/2Q2P2/P4q2/7K b - - 9 40	False	True	1.0
549	1r4k1/3n1pp1/4p1p1/3P2P1/8/b1B2P2/qP5P/1QKR3R b - - 3 24	False	True	1.0
559	r5k1/1b3ppp/p4b2/n1p5/Pp4r1/4B3/BPPN1PPP/R4RK1 w - - 4 22	False	True	1.0
560	4B1k1/5pp1/3p4/4p1QP/1P2P3/2P5/8/3q2K1 w - - 4 54	False	True	1.0
569	8/1R4Q1/P5pk/5p1p/4p3/P3q2P/r7/5B1K b - - 2 48	False	True	1.0
572	6k1/2p5/p4R1p/bpPK3P/3p4/1P6/P7/R1Br2r1 b - - 4 41	False	True	1.0
575	5r2/6k1/2p3P1/5pR1/3P1Kp1/4Pp2/5P2/8 b - - 4 48	False	True	1.0
579	8/8/p7/5bR1/1P2pP1k/8/3KP3/1r6 w - - 0 70	False	True	1.0
581	8/8/1P2pk2/K2p1p2/p2P1Pp1/Pq2P1P1/8/4Q3 b - - 8 62	False	True	1.0
583	R7/5p2/2k1p1p1/3b2P1/p1pK1P2/r1P5/8/1R6 b - - 1 44	False	True	1.0
586	8/6k1/p3K1p1/2p2P2/2Pqb2Q/1P3P1P/P7/8 w - - 2 47	False	True	1.0
590	8/1prQ3p/p1k1P3/n7/8/4q3/P1P3PP/3R3K b - - 4 29	False	True	1.0
601	6k1/R7/4P3/1p2r2p/1P6/8/7P/6K1 w - - 1 53	False	True	1.0
608	3R4/4PN2/2bK4/3p4/5k2/8/8/4r3 w - - 17 67	False	True	1.0
615	r1b3k1/ppq1Bpp1/7p/3r4/1P1pQ3/3B4/P4PPb/R3R1K1 w - - 0 21	False	True	1.0
627	rn3rk1/pb2ppbp/1p4p1/8/2BPP3/5N2/q2B1PPP/1RQ2RK1 b - - 3 14	False	True	1.0
630	3R1rk1/p1R5/4P3/1p1p3p/1P6/5r2/7P/6K1 w - - 3 50	False	True	1.0
633	3kn2r/q2b1ppp/3P4/2p2P2/1pPb1B2/3B2QP/6P1/4R2K b - - 2 28	False	True	1.0
648	1r5k/p5p1/3Q3p/1Np1p3/2P1P2P/P7/1P4B1/4q1K1 w - - 2 33	False	True	1.0
652	1q6/1P1k4/1Q2p3/1K1p1p2/3P1Pp1/4P1P1/8/8 w - - 5 68	False	True	1.0
659	8/3P3p/N4qp1/8/1P5k/6p1/7P/2Qn1BK1 w - - 4 48	False	True	1.0
661	5r2/5qrp/p2p1b1k/2p1pQpP/4PpR1/PP1P3P/2PB1P1K/6R1 b - - 1 30	False	True	1.0
673	8/8/Q5k1/5p1p/2P2P2/4PP1K/P7/1q6 b - - 6 38	False	True	1.0
680	8/8/4k1K1/4P2p/p6P/P1B5/1P6/3b4 b - - 2 44	False	True	1.0
683	8/7R/2p2k1p/p1r5/Pp4PK/1P6/8/8 b - - 5 68	False	True	1.0
685	8/7k/4R2P/2b4K/8/8/8/8 b - - 2 53	False	True	1.0
717	3q3r/pp1b1kR1/3p4/2pPp1QN/P1P1P1P1/2P5/2B2r2/6RK b - - 2 39	False	True	1.0
719	4r3/6qk/6pp/2n5/PpP2p2/1P1p1N1P/3Nr1PK/1Q1R4 w - - 16 41	False	True	1.0
721	7k/6pb/7q/p2p4/2PP2Q1/2R3NP/Pr4P1/5rK1 w - - 0 34	False	True	1.0
722	8/7k/8/p2N2p1/7p/3p4/3Kb2R/5r2 w - - 0 65	False	True	1.0
725	5k2/7R/4pNrp/r1K1P3/5P2/4P3/8/8 w - - 23 61	False	True	1.0
742	3r4/7R/1p1Ppkp1/p1p5/8/6P1/PP3PP1/6K1 b - - 0 27	False	True	1.0
760	8/7k/P3n1pp/8/2P5/1P1p1p1P/3pr1PK/3Q4 b - - 0 48	False	True	1.0
764	2k5/6p1/1p1Rp2r/p1p1P3/P1P3Pn/2P2PKP/8/8 b - - 4 61	False	True	1.0
766	8/5R2/6k1/3pPpN1/3Pb2P/4K3/1r6/8 b - - 1 45	False	True	1.0
767	r7/8/1pkp4/pR6/P1PB4/K5r1/1P6/8 w - - 4 47	False	True	1.0
772	r6r/p3k3/1pbNp3/5p1p/2PP3q/4P3/P3QPP1/R4RK1 w - - 1 23	False	True	1.0
784	2r2rk1/Q4p1p/8/6Np/6P1/2n1P3/5P2/6K1 w - - 0 35	False	True	1.0
786	5r2/6k1/2p3P1/5pR1/3P2p1/4PpK1/5P2/8 w - - 3 48	False	True	1.0
787	8/p2b4/1p1k1p2/3B3p/3KP2P/8/PP3P2/8 w - - 1 37	False	True	1.0
810	4n1N1/5ppk/1q1pb3/1p2p1QP/1P2P3/3B4/1KP5/6R1 b - - 0 35	False	True	1.0
822	3r3k/2n3qp/2Q3p1/3Pp3/1p6/7P/6P1/4R1NK w - - 0 36	False	True	1.0
847	2r1k2r/pp1N1ppp/1n2p3/8/4P3/Pn2BP2/1P4PP/1R2KB1R b Kk - 0 18	False	True	1.0
849	8/8/4N3/2N3B1/ppn2pkP/2b5/1n2K3/8 w - - 0 64	False	True	1.0
856	3k3r/q4ppp/2bP1n2/2p2PQ1/1pPb1B2/3B3P/6P1/4R2K w - - 5 30	False	True	1.0
866	8/8/3Bn3/1R2Pk2/5P1p/3r3P/7K/8 b - - 0 61	False	True	1.0
876	8/4Q1b1/4p1bk/6p1/5n1p/8/8/6K1 b - - 17 59	False	True	1.0
885	r1b1kb1r/ppp2ppp/2p5/4P3/6q1/5P2/PPP1Q1PP/RNBR2K1 b kq - 0 11	False	True	1.0
890	8/r4k2/5P1p/8/1R4pP/3p2P1/1P1KbR2/8 w - - 1 54	False	True	1.0
891	5R2/5p2/2k1p1p1/3b2P1/p1pK1P2/PrP5/8/3R4 w - - 5 43	False	True	1.0
894	2r2rk1/Q4p1p/6p1/6N1/6PP/2n1P3/5P2/6K1 w - - 2 34	False	True	1.0
916	8/Q4p1k/1p2b1p1/3pN2p/PP5P/4P1P1/1n3P2/2q2BK1 w - - 3 37	False	True	1.0
919	6r1/8/P7/2b4P/5kP1/8/4K2N/8 b - - 3 57	False	True	1.0
922	6rk/2p5/pb2p2p/1p2p2P/3PR1P1/2P5/PP4K1/R1B2r2 b - - 2 31	False	True	1.0
923	r1b2rk1/pp1pqppp/2nQpn2/1N6/2P5/2N5/PP2PPPP/R3KB1R b KQ - 0 10	False	True	1.0
929	8/Q7/6k1/5p1p/2P2P2/4PP2/P5K1/q7 b - - 2 36	False	True	1.0
944	r5k1/p2b2p1/2n1p1p1/1p1pP2p/2pP1qPP/P1P4Q/2PN4/R3K2R w KQ - 0 22	False	True	1.0
945	2r2rk1/Q4p1p/6p1/6NP/6P1/2n1P3/5P2/6K1 b - - 0 34	False	True	1.0
947	3k4/7R/2K5/1pB5/8/8/8/2r5 b - - 40 69	False	True	1.0
964	6k1/1Q6/2P2K2/8/5P1p/4Pq2/P7/8 b - - 1 46	False	True	1.0
982	rq6/4Rpkp/5Np1/8/6P1/p1Q1P2P/P4K2/8 b - - 0 50	False	True	1.0
986	4B1k1/5pp1/3p4/4p1QP/1P2P3/1bPK4/3R4/5q2 w - - 11 46	False	True	1.0
991	r1b2br1/1pk1pNp1/p1n1P2p/5p2/1PB5/8/1B3PPP/R4RK1 b - - 1 17	False	True	1.0
997	5r2/6k1/2p3P1/6R1/3PK1p1/5p2/5P2/8 b - - 0 51	False	True	1.0
1003	4r2r/7p/p1ppqb1k/4p1pP/4PpQ1/PPBP3P/2P2PRK/R7 w - - 5 25	False	True	1.0
1007	3r2r1/1b1Rp3/pkp1P1pp/4Np2/1P6/8/5PPP/R5K1 w - - 6 25	False	True	1.0
1013	4B1k1/5pp1/3p4/1P2p3/4P3/6q1/8/5QK1 w - - 10 64	False	True	1.0
1020	r3r2k/1b3pp1/1P6/p2p1Bp1/P1nB4/8/5PPP/R3R1K1 b - - 1 33	False	True	1.0
1024	8/p7/1p6/8/1k5P/6P1/3p2K1/4qQ2 w - - 8 53	False	True	1.0
1028	8/8/8/6R1/5P2/4k1P1/r7/4K3 w - - 5 76	False	True	1.0
1050	2n5/7p/p1k3p1/2B1p3/1PK1P3/2N2P2/6Pb/8 b - - 3 35	False	True	1.0
1051	r2qQ1k1/1p3pp1/1p3n1p/3p4/1PP3b1/P2PB1PP/5PB1/R2R2K1 b - - 0 20	False	True	1.0
1064	4B1k1/5pp1/3p4/4p2P/1P2P3/2P5/4q1QK/8 b - - 7 55	False	True	1.0
1073	8/4Q3/p1b3pk/2p1KP2/2P5/1P2qP1P/P4N2/8 w - - 5 44	False	True	1.0
1074	8/5p1k/1P3Q1p/4n1p1/5bP1/8/7P/3qBK2 b - - 7 57	False	True	1.0
1075	8/8/8/6pk/p3N3/3p1r1p/3Kb3/7R w - - 0 70	False	True	1.0
1102	rn2kbnr/pp2pppp/8/3NP3/3p4/8/PP3PPP/R1BbKB1R w KQkq - 0 9	False	True	1.0
1116	4B1k1/5pp1/3p4/1P2p3/4P3/8/6Q1/4q1K1 w - - 4 61	False	True	1.0
1117	2r5/4Qp2/2r3k1/7N/5PP1/2n1P3/8/6K1 b - f3 0 40	False	True	1.0
1132	4r3/ppqb2k1/3p1rnR/2pPp1Q1/P1P1P1P1/2P5/2B5/5NRK b - - 0 35	False	True	1.0
1133	8/6pp/p1k2p2/1p2p3/1PK1P3/P4P2/6PP/8 w - - 0 37	False	True	1.0
1143	4rr2/1q5k/6pp/8/PpPpnp2/1P5P/R1Q3P1/4NNK1 w - - 0 30	False	True	1.0
1144	1r4k1/5pp1/4p1p1/3P2P1/n4q2/5P2/1BQ4P/1K1R3R w - - 3 29	False	True	1.0
1147	8/4R3/2p2k1p/p1r5/Pp4PK/1P6/8/8 w - - 4 68	False	True	1.0
1155	6k1/8/8/1p1r1pK1/2p5/2P5/1P4P1/RB1r4 w - - 1 34	False	True	1.0
1156	r6r/p2pqp1k/2nN2p1/2Q5/8/3B2Pp/PP2bP1P/2R1R1K1 b - - 0 26	False	True	1.0
1158	8/6pk/p6p/8/2N3b1/3p3r/5K2/R7 b - - 3 57	False	True	1.0
1160	3r3k/2q1bp1n/2p3rB/1p1nP2Q/p7/P6N/1PP3B1/R3R2K b - - 4 30	False	True	1.0
1164	8/2P4Q/3r3k/P5p1/6P1/2K4P/8/8 b - - 0 66	False	True	1.0
1168	Q1R5/3r4/6p1/7p/4pp2/P5k1/8/7K w - - 1 64	False	True	1.0
1173	rn1k1r2/pQ6/4q3/2p5/4p1nP/1P3BP1/P3PP2/2R2RK1 w - - 0 31	False	True	1.0
1185	r3rk2/pp3n1p/2p1R3/P7/2N4P/2P5/2P3P1/4R2K w - - 3 30	False	True	1.0
1194	8/8/5P2/5R2/8/4k1P1/r7/5K2 b - - 6 83	False	True	1.0
1196	8/p7/1p1k1pb1/3B3p/1P1KPP1P/P7/8/8 w - - 1 40	False	True	1.0
1218	8/8/4p3/3pP2b/1KpP4/2Pk4/5R2/8 w - - 23 65	False	True	1.0
1220	1r3r1k/p5p1/2Q4p/1Np1p3/2P1P2P/P5p1/1P2qPB1/5RK1 w - - 0 29	False	True	1.0
1222	6k1/8/pp3pp1/3r1p1R/P1p2K2/2Pr4/BP4P1/R7 b - - 1 29	False	True	1.0
1223	2Q3k1/8/2P2K2/8/5P1p/4P3/P5q1/8 b - - 3 47	False	True	1.0
1227	1r6/1p3p2/2p1b2p/p3b3/Pk6/R5P1/NPB1PP1P/4K3 b - - 16 32	False	True	1.0
1230	r7/7p/2p1Pkb1/p1PpQp2/1p1Pp3/P4q2/1P6/2K3R1 b - - 5 43	False	True	1.0
1237	3q3r/pp1b1k2/3p1rR1/2pPp1QN/P1P1P1P1/2P5/2B5/6RK b - - 0 38	False	True	1.0
1240	b1r5/6pk/p5Np/8/3p4/2q4P/4QP1K/4R3 w - - 1 45	False	True	1.0
1248	8/2p4k/pb5p/1p3R1P/2PpK1r1/1P6/P7/R1Br4 w - - 0 38	False	True	1.0
1266	8/3kP3/1p3P2/P7/2n1P3/6Kp/8/8 w - - 0 57	False	True	1.0
1273	5q1k/7n/4BnQ1/8/1P6/P6K/6R1/8 b - - 0 48	False	True	1.0
1275	1r1q1rk1/1p1n1ppp/3Q1b2/p2B4/3NPNb1/BP6/P1P3PP/R5K1 w - - 1 21	False	True	1.0
1283	r3rk2/1p3p1R/2p3pR/3p1q2/p2P4/P3P1P1/1PQ3K1/8 w - - 0 41	False	True	1.0
1287	8/4Q3/p1b3pk/2p2P2/2P5/1P3PKP/P4N2/2q5 b - - 0 41	False	True	1.0
1303	5r1k/2p3p1/p6p/1p6/2p5/P4qP1/1P1Q3P/4R1K1 w - - 2 34	False	True	1.0
1309	1kr4r/3Rp2p/1q4p1/8/B7/2P5/P1P3PP/KR6 b - - 4 31	False	True	1.0
1310	8/p7/1p4p1/1Q6/3p4/6P1/2q4P/2k3K1 w - - 6 45	False	True	1.0
1325	8/p7/6p1/6k1/1RB3P1/2n3K1/P3p1P1/4r3 w - - 0 48	False	True	1.0
1333	8/8/1P2pk2/3p1p2/p2P1Pp1/P1K1P1P1/q7/4Q3 w - - 5 61	False	True	1.0
1339	4B1k1/q4pp1/3p4/4p1QP/1P2P3/1bP5/6R1/2K5 b - - 0 40	False	True	1.0
1342	8/8/4p3/3pP2b/1KpP1R2/2P5/3k4/8 w - - 21 64	False	True	1.0
1344	4r3/1P2Nk2/8/7p/P2p2p1/5nP1/5PK1/2Rq4 w - - 0 55	False	True	1.0
1347	6r1/8/P7/2b4P/5kP1/P7/6K1/5N2 w - - 3 55	False	True	1.0
1354	8/4Q3/p1b1K1pk/2p2P2/2PqN3/1P3P1P/P7/8 b - - 8 45	False	True	1.0
1358	1R6/k2r1p2/4p1p1/p2b2P1/1pp2P2/2P5/PP3K2/3R4 w - - 4 37	False	True	1.0
1375	6k1/r2qb2p/pp2b1pQ/3pB3/3P1Pp1/1P1RN3/P4R1K/2r5 b - - 13 40	False	True	1.0
1380	r2qk2r/ppp2ppp/2np4/3Npb2/PP2n3/2PP1N2/2Q1BbPP/R1B2K1R b kq - 1 11	False	True	1.0
1416	5Q2/p7/1pr3p1/8/3pqN2/2k3P1/P1P4P/6K1 w - - 6 38	False	True	1.0
1419	8/p5pk/5r1p/2p1p3/2P4q/P1N5/1P4Q1/5B1K w - - 0 41	False	True	1.0
1427	1R6/8/8/6pk/4N3/3p1r1p/p2Kb3/8 w - - 0 72	False	True	1.0
1435	3r3k/2n3qp/2Qp2p1/3PB3/1p6/7P/6P1/4R1NK b - - 0 35	False	True	1.0
1437	4r2k/2p3pp/p7/1p6/2p5/P4qP1/1P1Q3P/3R2K1 b - - 2 32	False	True	1.0
1453	8/p4Bp1/5n2/4p3/6k1/2r1P1P1/P5PK/R7 b - - 2 39	False	True	1.0
1456	5bk1/r2q3p/pp2b1pQ/3pB3/3P1Pp1/1P1RN3/P4R1K/2r5 w - - 6 37	False	True	1.0
1457	8/8/4k1K1/4P2p/p6P/P1B5/1P2b3/8 w - - 3 45	False	True	1.0
1458	4B1k1/5pp1/3p4/4p2q/1P2P3/2P5/6QK/8 w - - 0 56	False	True	1.0
1461	3kn2r/q4ppp/2bP4/2p2PQ1/1pPb1B2/3B3P/6P1/4R2K b - - 4 29	False	True	1.0
1463	5R2/1k3p2/4p1p1/3b2P1/p1pK1P2/PrP5/8/3R4 b - - 4 42	False	True	1.0
1473	8/5p2/2p3p1/6P1/3P1nk1/8/4rR1K/7N b - - 7 76	False	True	1.0
1477	1q6/1N5Q/4pk2/3p1p2/pP1P1Pp1/P3P1P1/3K3p/8 b - b3 0 54	False	True	1.0
1478	8/2p5/3pk1P1/8/1p3P2/8/1P6/5K2 b - f3 0 46	False	True	1.0
1488	6r1/7k/2p1pR1p/p1Pr2n1/Pp1P2PK/1P6/1B6/4R3 b - - 21 53	False	True	1.0
1512	6k1/5pp1/1p6/8/1P6/4q3/6B1/2RR3K b - - 3 32	False	True	1.0
1514	6k1/6B1/p1b3p1/2p2p2/2P1P2Q/1P3P1P/P2q1N1K/8 b - - 0 38	False	True	1.0
1525	r5k1/5b1p/2p2B2/p1PpPp2/1p1Pp3/P6q/1P3Q2/2KR4 w - - 0 34	False	True	1.0
1535	8/1B5k/5p2/5p2/8/P7/1P2n1P1/5K2 b - - 0 49	False	True	1.0
1538	2n5/7p/p1k3p1/2B1p3/1PK1P3/5Pb1/4N1P1/8 b - - 5 36	False	True	1.0
1541	1r6/kr6/p2NP1pp/5p2/8/8/5PPP/4R1K1 w - - 0 36	False	True	1.0
1579	br2r1k1/2b3p1/p5qp/3p4/P2Np3/BRP2p1P/2P2PP1/1R3QK1 w - - 4 35	False	True	1.0
1581	8/8/1P2pk2/3p1p2/pK1P1Pp1/Pq2P1P1/8/4Q3 w - - 7 62	False	True	1.0
1602	3rr3/q6k/6pp/2n5/PpP2p2/1P1p1N1P/3R2P1/1Q3NK1 w - - 10 38	False	True	1.0
1619	6k1/r2qb2p/pp2b1pQ/3pB3/3P1Pp1/1P1RN3/P4R2/2r3K1 w - - 4 36	False	True	1.0
1628	3r4/1p5k/6p1/P1Qn1p1p/4p3/P3P1qP/1r1P2R1/2R2BK1 b - - 1 35	False	True	1.0
1629	2B5/8/8/2P5/7p/5k2/5r2/6K1 b - - 0 75	False	True	1.0
1638	2r5/pp3pp1/4qn1k/4p2P/B5p1/2P1P3/P4PP1/RQ4K1 w - - 2 33	False	True	1.0
1647	4r1k1/8/8/Rp3K2/2p1rp2/2P5/1P4P1/8 w - - 0 40	False	True	1.0
1650	7r/2p5/p1N1kppB/P1b5/2P1P2Q/1R5P/5nPK/7r w - - 2 38	False	True	1.0
1653	8/7k/4n1pp/P7/2P5/1P1p1p1P/3pr1PK/3Q4 w - - 0 48	False	True	1.0
1655	2r3k1/2P5/p7/4Qp2/5B2/8/q2N4/4K3 w - - 2 52	False	True	1.0
1667	6k1/5pp1/1p5q/8/1P6/8/6B1/2RR3K w - - 4 33	False	True	1.0
1669	2r3k1/2P5/p4Q2/3q1p2/5B2/8/3N4/4K3 w - - 4 53	False	True	1.0
1685	1R2r1k1/5ppp/2p1r3/8/3P3P/3qPpP1/1Q3P1K/2R5 b - - 6 38	False	True	1.0
1689	8/2R2b2/p4k2/r4p2/3NpP2/1P2K2P/4P3/8 w - - 1 51	False	True	1.0
1698	6r1/7k/2p1pR1p/p1Pr2n1/Pp1P2PK/1P6/1B6/4R3 b - - 17 51	False	True	1.0
1719	2b2b1k/pp2n2p/6p1/8/8/1NP4P/PP2rPPB/R5K1 w - - 0 30	False	True	1.0
1722	b4r2/4N1pk/p6p/8/3p4/5q1P/4QP1K/6R1 w - - 5 47	False	True	1.0
1728	7Q/8/P5p1/5p1p/4p2k/P4q1P/r5R1/5B1K w - - 15 55	False	True	1.0
1732	1R6/4kp2/R5p1/2K1pPP1/2p5/2P2b2/3r4/8 w - - 1 52	False	True	1.0
1737	r3r1k1/1b1nbp2/8/3pnR1Q/p7/P1R5/1P1B2PP/5qK1 w - - 0 29	False	True	1.0
1743	1r3r1k/p5p1/2b1Q2p/1Np1p3/2P1Pp1P/P5P1/1P2qPB1/5RK1 w - - 0 28	False	True	1.0
1792	r5r1/bpp2p1k/p1np1B2/4p3/B3P3/2PP3b/PP3PPK/RN3R2 b - - 1 19	False	True	1.0
1799	r7/4k2p/2p1P1b1/p1PpQp2/1p1Pp3/P4q2/1P6/2K3R1 w - - 2 42	False	True	1.0
1804	8/4Q3/p1b3pk/2p2P2/2P2K2/1P3P1P/P4N2/2q5 w - - 3 43	False	True	1.0
1810	b7/4N1pk/p6p/8/3p4/6KP/5r2/R7 b - - 1 49	False	True	1.0
1824	5K2/8/5k2/1b1P4/8/p1N5/8/8 b - - 2 66	False	True	1.0
1825	3q1k2/pp1bR2r/3P4/2p1Q2N/P1P1P1P1/2P5/2B2r2/6RK b - - 0 44	False	True	1.0
1840	Q7/p2q1ppk/1p1nb2p/3p4/1P1N4/P2BP1P1/5P1P/6K1 b - - 8 29	False	True	1.0
1846	1r4k1/5pp1/4P1p1/6P1/5q2/5P2/1nQ4P/1K1R3R w - - 0 30	False	True	1.0
1856	r7/4Rpkp/5Np1/8/6P1/p1Q1P2P/Pq3K2/8 w - - 1 51	False	True	1.0
1865	R7/5p2/2k1p1p1/3b2P1/p1pK1P2/1rP5/8/1R6 w - - 2 45	False	True	1.0
1869	8/8/4p3/3pP3/1KpP1Rb1/2P5/3k4/8 b - - 20 63	False	True	1.0
1875	5rk1/2qn1p1p/1p2p1pQ/p2pb3/P1bN4/R7/1PP2PPP/1N1R2K1 b - - 3 21	False	True	1.0
1881	K7/8/5B2/7p/7k/8/8/8 b - - 1 76	False	True	1.0
1897	5nk1/5p2/7p/Q5p1/1P3bP1/2q2P2/6rP/3R2BK w - - 0 46	False	True	1.0
1907	8/8/4k3/4P1Kp/p6P/P1B5/1Pb5/8 b - - 0 43	False	True	1.0
1918	4k3/8/4Q3/P1P3p1/7r/r6P/2K3P1/8 b - - 6 58	False	True	1.0
1919	5k2/8/2P1Q3/P5p1/7r/r6P/2K3P1/8 b - - 0 59	False	True	1.0
1920	r1b2br1/1pk1pN2/p1n1P1pp/5p2/1PB5/8/1B3PPP/R1R3K1 b - - 1 18	False	True	1.0
1921	8/8/k7/2K5/1p1P4/8/8/8 w - - 0 61	False	True	1.0
1928	8/2k4K/6p1/6P1/8/4P2P/7r/8 b - - 0 63	False	True	1.0
1929	3qk2r/pp1b2R1/8/2pPQ2N/P1P1P1P1/2P5/2B2r2/6RK b - - 0 42	False	True	1.0
1932	8/8/1R6/Ppk5/8/2KP2r1/8/8 w - - 2 54	False	True	1.0
1936	r4rk1/ppp2ppp/3p2q1/4p1N1/PP2P3/2P3b1/2Q3P1/R1B2K1R b - - 2 19	False	True	1.0
1937	1q6/1N5Q/4pk2/3p1p2/p2P1Ppb/P3P1Pp/1P1K3P/8 b - - 4 52	False	True	1.0
1947	4k3/8/2K5/1pB5/8/8/7r/5R2 b - - 56 77	False	True	1.0
1956	2rr2k1/pp4p1/7p/5p1P/3B1b2/5Q2/PPq2P2/K2R3R w - - 0 28	False	True	1.0
1962	2R5/P2r4/6p1/7p/4pp1k/P7/8/7K w - - 0 63	False	True	1.0
1964	r6k/5b1p/2p1p2b/ppPpP3/3PpN2/P3P2P/1PQ5/2KRB1q1 w - - 2 27	False	True	1.0
1965	1rb1k2r/3np2p/2Q3p1/1B1R4/p7/2P1q3/P1P3PP/K4R2 b k - 2 26	False	True	1.0
1969	2r2nk1/1p3n1p/1Pp5/N1Pp4/P2P1p1N/6pP/6K1/4R3 w - - 0 48	False	True	1.0
1971	4r3/7k/6pp/2n5/P1P2p2/1P1p3P/3p2PK/1Q6 w - - 0 45	False	True	1.0
1982	6r1/5p1k/5Q2/8/5PP1/2n1P3/8/6K1 b - - 0 43	False	True	1.0
1992	r5k1/1b3ppp/p7/n1p5/Pp1b2r1/4BP2/BPPN2PP/R4RK1 w - - 1 23	False	True	1.0
1994	r7/7p/2p1Pkb1/p1Pp1p2/1p1Pp3/P4q2/1P5Q/2K3R1 w - - 0 41	False	True	1.0
1996	8/bpp2prk/p1np2r1/8/3pP2B/1BP5/PP1N1PbK/R5R1 b - - 1 24	False	True	1.0
1998	3rk2r/p4b2/n1pp1P2/4p3/2P1Pn1q/PP3PN1/1BQ1NK1p/3R1R1B w k - 3 29	False	True	1.0
1999	8/1p5p/p2p2k1/P1pP1R2/2Pb4/3r4/1P6/5R1K b - - 0 39	False	True	1.0
2009	r1b3k1/pp2Bpp1/7p/q2rb3/1P1p4/3B4/P3QPPP/R3R1K1 b - - 0 19	False	True	1.0
2014	4B1k1/5pp1/3p4/1P2p3/4P3/6q1/6Q1/6K1 b - - 15 66	False	True	1.0
2022	7k/5q1n/2p2nQ1/1p3B2/p7/P7/1PP5/6RK b - - 0 40	False	True	1.0
2047	8/p7/1p4Q1/8/3p4/6P1/3q3P/2k3K1 b - - 0 46	False	True	1.0
2065	5k2/8/2P1Q3/P5p1/r5Pr/7P/2K5/8 b - g3 0 60	False	True	1.0
2072	4B1k1/5pp1/3p4/1P2p3/4P2q/8/8/5QK1 b - - 9 63	False	True	1.0
2082	r1b1k1nr/pp1p1ppp/4p3/8/3P4/1P6/1P1bPPPP/RN2KB1R w KQkq - 0 10	False	True	1.0
2083	2r1r1k1/Q4p1p/6p1/6N1/6PP/2n1P3/5P2/6K1 b - - 1 33	False	True	1.0
2085	8/3P3p/N4qp1/8/1P6/6k1/8/2Qn1BK1 w - - 0 49	False	True	1.0
2125	6r1/1p1b1k1p/p2p4/P1pP1P2/2PbP3/3N3K/1P4p1/R5R1 b - - 4 31	False	True	1.0
2130	8/1Pb5/6p1/2k1p3/K3P1Np/5P2/6P1/8 w - - 1 63	False	True	1.0
2143	K7/8/8/7p/6kP/8/1B6/8 b - - 0 75	False	True	1.0
2172	5b1k/1R6/6KP/8/8/8/8/8 b - - 8 56	False	True	1.0
2175	8/5p2/2p1n1p1/6P1/3PkP2/7r/4N1K1/3R4 b - - 44 71	False	True	1.0
2185	8/p7/Qp6/8/1k5P/4q1P1/3p2K1/8 w - - 6 52	False	True	1.0
2191	4R2k/7p/p5p1/2pr4/Pp6/1P3P2/1P4PP/6K1 b - - 0 36	False	True	1.0
2193	8/4Q3/p1b3pk/2p2p2/2P1P3/1P3P1P/P2q1N1K/8 w - - 2 40	False	True	1.0
2208	5r1k/6rn/2p5/1p1nqB1Q/p7/P6N/1PP5/R5RK w - - 0 35	False	True	1.0
2218	8/7k/P3n1pp/8/2P5/1P1p1p1P/3p2r1/3Q3K b - - 1 49	False	True	1.0
2224	8/p7/3kPP2/PP6/2n1P3/6Kp/8/8 w - - 1 55	False	True	1.0
2226	3r2k1/5p1p/pp2p1p1/7P/P1prbP2/4K3/BPP3P1/R6R w - - 2 24	False	True	1.0
2234	8/3P3p/6pk/2N5/1P1q4/6Q1/4Bn1K/8 b - - 11 54	False	True	1.0
2256	8/2R5/p4k2/r4p1b/3NpP1P/1P2K3/4P3/8 w - - 1 52	False	True	1.0
2263	r5k1/7p/2p2Bb1/p1PpPp2/1p1Pp3/P6q/1P3Q2/2K3R1 w - - 2 35	False	True	1.0
2274	3rr3/7k/6pp/2n5/PpP2p2/1P1p1N1P/1Q2q1P1/3R1NK1 w - - 6 36	False	True	1.0
2291	8/2p4k/p6p/bpPK1R1P/3p4/1P6/P7/R1Br2r1 w - - 1 40	False	True	1.0
2302	6k1/2p5/p4R1p/1pPK3P/3p4/1Pb5/P7/R1Br2r1 w - - 5 42	False	True	1.0
2304	r1br2k1/2qn1Qbp/1ppp2p1/p1n5/P3P3/1NN1B1PP/1PP3B1/3R1RK1 b - - 1 19	False	True	1.0
2315	6r1/b7/P7/5k1P/8/P5PK/7N/8 b - - 5 51	False	True	1.0
2318	8/8/1P2pk2/3p1p2/p2P1Pp1/P3P1P1/3K4/4Q2q b - - 2 59	False	True	1.0
2335	8/8/8/6p1/R4rk1/3p4/p2KbN1p/8 b - - 5 75	False	True	1.0
2360	r2q3k/1p4pp/2p2n2/p7/PbQ2P2/1N2B1P1/1P5P/R5K1 b - - 0 23	False	True	1.0
2363	3b4/5rrp/p2p4/2p1p1pk/4PpR1/PP1P1P1P/2PB3K/1R6 b - - 1 33	False	True	1.0
2366	8/3P3p/N4qp1/8/1P5k/6P1/8/2Qn1BK1 b - - 0 48	False	True	1.0
2378	8/R7/4p3/3pPn1k/2pPb2p/2P1K3/8/6R1 w - - 6 51	False	True	1.0
2391	r3rk2/pp3n1p/2p1R3/P7/2N3PP/2P5/2P5/4R2K b - g3 0 30	False	True	1.0
2404	8/5p2/2p1n1p1/6P1/3P1k2/4r1N1/6K1/5R2 b - - 1 73	False	True	1.0
2406	2r5/2P2k2/p7/4Qp2/5B2/8/q2N4/4K3 b - - 1 51	False	True	1.0
2413	8/pQ3pk1/6p1/7p/1P2p3/P3PqP1/5PKP/8 w - - 9 34	False	True	1.0
2422	8/7k/p7/3N2p1/7p/3p4/3Kb2R/5r2 b - - 3 64	False	True	1.0
2423	8/pp6/3kbp2/3p3p/3KP2P/1B6/PP3P2/8 b - - 0 35	False	True	1.0
2434	1R3bk1/8/6KP/8/8/8/8/8 b - - 10 57	False	True	1.0
2440	6k1/5p2/7p/3n2p1/q2B1bP1/5P2/1P2r1BP/Q2R3K b - - 10 38	False	True	1.0
2441	2nb4/8/2k3p1/pPBNp2p/2K1P3/5P2/6P1/8 b - - 0 45	False	True	1.0
2448	r3Q2k/2p5/p3pr1p/1p2p2P/6R1/2PP4/PP3bPK/R1B5 b - - 0 27	False	True	1.0
2449	4n1k1/5pp1/3p4/1B2p1QP/1P2P3/1bP5/5qR1/2K5 b - - 2 39	False	True	1.0
2482	Q7/p2q1p1k/1p1nb1p1/3p3p/1P1N3P/P2BP1P1/5P2/6K1 w - - 0 31	False	True	1.0
2491	2R5/1k3p2/4p1p1/3b2P1/p1pK1P2/PrP5/8/3R4 w - - 3 42	False	True	1.0
2504	2r2nk1/1p2Qn1p/1Pp5/N1Pp1p2/P2P1q2/5NpP/6K1/4R3 w - - 2 46	False	True	1.0
2517	1R6/8/p7/5p1k/1P1NpPbP/8/2K1P3/1r6 b - - 20 64	False	True	1.0
2520	8/6k1/4p3/2b2bpQ/7p/3n4/8/6K1 w - - 4 53	False	True	1.0
2524	6k1/6p1/6p1/1q4P1/8/2K2P2/7P/3R3R b - - 2 34	False	True	1.0
2527	1r1q1rk1/1p1n1ppp/3QNb2/p2B4/4P3/BP6/P1P3PP/R5K1 b - - 0 22	False	True	1.0
2535	3rr3/1B1nRp1p/pp1P1kp1/2p5/8/6P1/PP3PP1/R5K1 b - - 4 22	False	True	1.0
2539	5k2/8/5Q2/P1P3p1/7r/r6P/2K3P1/8 b - - 4 57	False	True	1.0
2551	8/p3n2p/4k1p1/1P2P3/P1R1PP2/5K2/7P/3r4 w - - 1 38	False	True	1.0
2562	5b2/1R5k/7P/7K/8/8/8/8 b - - 6 55	False	True	1.0
2565	5Q2/p7/1pq3p1/8/3p4/6P1/P6P/1k4K1 w - - 0 41	False	True	1.0
2571	3n4/5kpp/2b1p3/2P2p2/8/4b2r/1Q4P1/R5K1 w - - 2 39	False	True	1.0
2594	8/Q7/6k1/5p1p/2P2P2/4PP1K/P7/1q6 w - - 5 38	False	True	1.0
2595	8/8/6Rp/r6k/P2p3P/2PR2P1/6K1/8 b - - 0 44	False	True	1.0
2611	8/5R2/6k1/3pPpN1/3P3P/4K3/1rb5/8 w - - 2 46	False	True	1.0
2619	8/8/8/7p/1P4kP/4R1P1/2K5/r7 b - - 1 63	False	True	1.0
2623	5b1k/1R6/7P/7K/8/8/8/8 w - - 7 56	False	True	1.0
2624	6k1/2p2R2/p6p/bpPK3P/3p4/1P6/P7/R1Br2r1 w - - 3 41	False	True	1.0
2634	4q2k/1b3r1p/p1p3pB/1p5B/2nP4/1Q6/PP4P1/5RK1 w - - 2 32	False	True	1.0
2638	5R2/8/p7/5Pk1/5r2/4K3/4P3/8 b - - 0 76	False	True	1.0
2641	8/p7/6p1/6k1/2B1n1P1/5K2/PR2p1P1/4r3 b - - 3 49	False	True	1.0
2648	1r6/8/1p2k1p1/2pR1p2/p1P2P1K/P6P/1P6/8 b - - 6 43	False	True	1.0
2652	8/2p3pk/p1Q4p/1p6/2pq4/P5P1/1P3r1P/4R2K w - - 14 40	False	True	1.0
2666	5Rk1/1p6/p1p1r2p/3bN1p1/3P4/1P2p2P/P5P1/2R3K1 b - - 0 29	False	True	1.0
2671	3rk3/p7/2pp1P2/2P1p3/nP2P3/P4P2/5K1p/B2R1brB w - - 0 38	False	True	1.0
2677	8/3kP3/1n3P2/8/4P3/7K/8/8 b - - 0 58	False	True	1.0
2702	2r3k1/p3q1Qp/1np1p2B/3r1p2/3RN2P/2R5/PP3PP1/6K1 b - - 0 22	False	True	1.0
2717	3Q4/2p2p1k/2q1b2p/p3P1p1/1pp5/P4P2/2P2BPP/6K1 b - - 1 33	False	True	1.0
2723	2r5/1p2k1rp/p3PQ2/n7/8/4q3/P1P3PP/5R1K b - - 0 26	False	True	1.0
2728	5r1k/2q3rn/2p5/1p1nPp1Q/p3B3/P6N/1PP5/R5RK w - f6 0 34	False	True	1.0
2737	4B1k1/5pp1/3p4/4p1QP/1P2P3/1bP5/3K2R1/3q4 w - - 3 42	False	True	1.0
2739	2r3k1/1N3n2/1Pp3p1/2Pp4/P2P1p2/6pP/6K1/4R3 w - - 0 50	False	True	1.0
2743	4rr2/1q5k/6pp/8/PpPpnp2/1P5P/2Q3P1/R3NNK1 b - - 1 30	False	True	1.0
2776	1K6/8/P2kP3/7p/7P/1p3b2/1B6/8 b - - 2 70	False	True	1.0
2781	1R2r1k1/5ppp/2p1r3/8/3P3P/4PpP1/1Qq2P1K/1R6 b - - 4 37	False	True	1.0
2782	2R2R2/p3r3/1p2pk2/2b3p1/2P3B1/6PK/r6P/8 b - - 3 38	False	True	1.0
2793	r1br4/1pqnQppk/p7/P2p4/8/1N3N2/1PP2PPP/R1B3K1 b - - 0 16	False	True	1.0
2803	r5k1/7p/2p2Bb1/p1PpPp2/1p1Pp3/P5R1/1P3Q2/2K4q w - - 4 36	False	True	1.0
2813	K7/8/5B2/7p/6kP/8/1p6/8 w - - 0 75	False	True	1.0
2820	r1b2br1/ppk1pNp1/2n1P2p/1B3p2/1P6/8/1B3PPP/R3K2R w KQ - 2 16	False	True	1.0
2829	5Q2/p5pk/1r5p/1Np1p3/2P1q2P/P7/1P6/5BK1 w - - 4 37	False	True	1.0
2844	7k/6p1/7q/p2p4/2PPb1Q1/6RP/Pr4P1/5NK1 b - - 2 35	False	True	1.0
2845	1k1r3r/1p1q1p1p/2pb3Q/p4b2/P7/2N3P1/1P2PPBP/R4RK1 b - - 1 18	False	True	1.0
2846	2r5/1p2k1rp/p3Pp2/n4Q2/8/4q3/P1P3PP/5R1K w - - 0 26	False	True	1.0
2847	8/8/2p5/p1k5/Pp6/1P2K3/8/8 w - - 1 81	False	True	1.0
2848	5k2/4RP2/7p/8/6pP/3p2P1/1P1KbR2/r7 b - - 0 56	False	True	1.0
2859	6k1/5pp1/1p5q/8/1P6/8/6B1/2RR2K1 b - - 5 33	False	True	1.0
2868	8/4Q3/p1b3pk/2p2P2/2P5/1P3PKP/P4N2/6q1 w - - 1 42	False	True	1.0
2900	8/8/3Bn3/1p2Pk2/1R3P1p/6rP/7K/8 b - - 3 60	False	True	1.0
2908	3rk3/pp4B1/2p4p/3n4/4p3/4PnPB/PP3PKP/5R2 b - - 4 24	False	True	1.0
2923	3r2k1/1p3ppp/8/pP6/5P2/P3bbN1/1BB3PP/7K w - - 0 30	False	True	1.0
2929	8/p1k5/4P3/PP3P2/2n1P3/6Kp/8/8 w - - 3 54	False	True	1.0
2931	8/p6p/Pp2k2P/2p1NnP1/2P2K2/8/2P5/8 b - - 4 45	False	True	1.0
2940	8/8/pr5p/R7/1p4PK/1Pk5/P7/8 b - g3 0 49	False	True	1.0
2947	8/1p5p/p2p4/P1pP3k/2P5/2b5/8/2R4K b - - 1 43	False	True	1.0
2954	8/4b1k1/4p3/5bpQ/7p/3n4/8/6K1 b - - 7 54	False	True	1.0
2957	6r1/5p1k/2r5/6QN/5PP1/2n1P3/8/6K1 w - - 3 42	False	True	1.0
2966	6b1/2p5/p4k1R/r4p2/3NpP2/1P2K2P/4P3/8 b - - 3 48	False	True	1.0
2981	4r3/1P2Nk2/8/7p/P2p2p1/5nP1/2p2PK1/2RR4 b - - 0 54	False	True	1.0
2986	8/5k2/4pR2/2NpPp2/3Pb3/4K3/1P5P/5r2 b - - 4 36	False	True	1.0
2988	r5k1/p2b2p1/2n1p1pp/1p1pP3/2pP1qPP/P1P4Q/2PN4/R3K2R b KQ - 1 21	False	True	1.0
2989	R7/8/8/6pk/4N3/3p1r2/p2Kb2p/8 w - - 0 73	False	True	1.0
2995	2Q5/p5kp/N5p1/3P4/1P4p1/2n5/7P/q4B1K w - - 1 38	False	True	1.0
3000	1r6/1r6/2p1p3/5k2/1p1PpR2/2P1P3/4KP2/6R1 b - - 2 38	True	False	1.0
3015	4R1k1/R7/8/1p1K1Pp1/1P4P1/P7/7P/8 b - - 2 40	True	False	1.0
3025	5R1k/7p/r4p2/5N2/4PK1P/8/8/8 b - - 4 44	True	False	1.0
3037	5R1k/R5pp/8/1prB4/7P/P7/5PK1/8 b - - 0 44	True	False	1.0
3038	7r/6p1/p3p1k1/2N5/6r1/P2P4/1PP2P1K/5R2 w - - 1 36	True	False	1.0
3078	8/3r1p1p/8/3n4/1PRk1P2/3pN1PP/5K2/8 b - - 2 44	True	False	1.0
3085	6k1/pp3ppp/2p5/2bp4/B1r2P2/1K4P1/PPb2r2/1RB5 w - - 0 29	True	False	1.0
3090	8/7R/8/5K1k/2P1N3/8/PP6/8 b - - 12 49	True	False	1.0
3103	8/8/2k1pq2/p5KP/6P1/8/8/5r2 w - - 1 57	True	False	1.0
3119	2b2q2/1pk5/3p4/1p2p2Q/8/3R2P1/5rKP/2r5 w - - 0 37	True	False	1.0
3120	7N/2pk3p/p2p2p1/3n4/NPR5/3P4/5PPP/2b1r1K1 w - - 1 25	True	False	1.0
3125	r7/1ppbk2p/6p1/K7/2PPN2P/P2n2P1/8/1N6 w - - 1 36	True	False	1.0
3136	2kr4/ppp5/5p2/2P1n1p1/3PPr2/P2KQ2p/1q5P/3RR2B w - - 4 33	True	False	1.0
3142	8/pp3kp1/2p4p/3p3b/1P6/2P1R1P1/3K3P/3q4 w - - 4 52	True	False	1.0
3143	4R3/5rpk/8/7Q/P4PK1/6P1/1pq5/8 b - - 3 42	True	False	1.0
3144	8/2p4k/ppbq3p/8/4K3/5r2/8/8 w - - 6 51	True	False	1.0
3155	2r2b2/1b2k3/p1q1p1B1/8/np5Q/8/PPP1N1PP/1K1RR3 b - - 3 26	True	False	1.0
3159	3R1k2/2R3pp/5r2/8/8/5N2/5KPP/8 b - - 4 42	True	False	1.0
3160	8/3R4/3k2Pb/1K2pB2/8/5P2/2P5/6r1 b - - 12 50	True	False	1.0
3181	r1b4k/5Bp1/1p2p3/p1bpP3/5P2/P6R/4K2P/7R b - - 1 27	True	False	1.0
3184	3B1r1k/3P4/1bQ5/1p6/1P2K3/8/P5R1/7R b - - 12 61	True	False	1.0
3188	6k1/p1p2ppp/2p2n2/8/6P1/2pP4/PPP2PP1/2K1rB1R w - - 1 20	True	False	1.0
3203	8/1p5p/1P4p1/4RpP1/2k2P2/3q4/5KP1/5r2 w - - 6 47	True	False	1.0
3212	2q1k2n/3b4/p2N1Qp1/2p2p2/P3rP2/6K1/4P3/B7 b - - 0 40	True	False	1.0
3224	r3r1k1/pp6/3p2nB/2pP1q2/7K/P1P3P1/4Q3/6N1 w - - 7 35	True	False	1.0
3226	3r1rn1/p5k1/5p2/3p3Q/7P/P5R1/5PP1/6K1 b - - 4 32	True	False	1.0
3260	8/5pk1/2p1b3/2b1p3/2N1P1p1/7q/P3Q1K1/5B2 w - - 3 43	True	False	1.0
3269	b1r2nk1/1q3p1p/pp1b2pN/3P4/5P2/1B2r3/PB2Q1PP/5R1K b - - 1 26	True	False	1.0
3275	3R2k1/pp2nppp/1n2p3/8/1P6/P3P3/4BPPP/6K1 b - - 3 24	True	False	1.0
3292	r2q1r2/pp1bk2p/3p4/n1bNB2Q/3Np3/3P2PP/PP3PB1/R4RK1 b - - 1 19	True	False	1.0
3309	r2k3r/1pb3pp/2p5/p4BBb/NP6/7P/PP3PP1/4R1K1 b - - 9 24	True	False	1.0
3310	8/4kppp/p2p4/1p1Pp3/nP6/4RP2/1r2B1PP/r1K1R3 w - - 4 29	True	False	1.0
3326	r4rk1/pbpn3p/1p3q2/8/1PP2p1B/P5Pn/4BP1P/R1Q2RK1 w - - 1 20	True	False	1.0
3342	8/8/2R5/8/2k1K1p1/6r1/1Q1R1P2/8 b - - 1 63	True	False	1.0
3372	5r1k/2qbpp2/p2p4/1p4Q1/2r1P1p1/PNN2P2/1PP5/2K4R b - - 4 26	True	False	1.0
3373	3R2k1/2r4p/4Npp1/4N3/pp5n/1P3P2/P1P4P/2K5 b - - 2 33	True	False	1.0
3381	8/p5kp/1p2p1p1/3b2B1/6P1/P3R2P/1Pr5/4R1Kr w - - 5 33	True	False	1.0
3396	rnbk1b1r/ppqpnN1p/4pNp1/2p3B1/8/8/PPP2PPP/R3KB1R b KQ - 3 13	True	False	1.0
3400	r7/2p2k2/3p4/5p1p/4pPpB/KP1nP1P1/4R3/8 w - - 1 40	True	False	1.0
3405	3R1k2/5pp1/7p/6N1/8/2P1Q3/4KPP1/7r b - - 0 40	True	False	1.0
3412	6k1/pp5p/3p2p1/1Q1Pb3/P2pP3/1P2q1Pb/1B5P/1R3K2 w - - 5 30	True	False	1.0
3413	R3k3/4pp2/4p3/2P1N3/8/2K3p1/P6r/8 b - - 1 49	True	False	1.0
3415	1B4k1/5p1p/4b1p1/2b1p3/4P3/r2K4/Pr4PP/8 w - - 2 32	True	False	1.0
3417	2r2B2/7R/6p1/5p1k/5P2/6PP/P5K1/8 b - - 0 34	True	False	1.0
3427	8/2R3p1/3R1k2/3p1p1B/3P1P1p/4P3/r5P1/4K3 b - - 0 41	True	False	1.0
3430	2k4R/1pp5/p7/2N5/2n1P2p/2P2P2/PP5r/4K3 b - - 1 29	True	False	1.0
3431	8/2pk4/p5pn/1p6/8/8/4r3/2K2q2 w - - 0 54	True	False	1.0
3452	3B4/2R5/1pkp4/p1p1p3/P3P3/b2P1P2/2PK3P/8 b - - 3 30	True	False	1.0
3466	R3k3/1Q6/8/1K6/8/8/8/8 b - - 6 91	True	False	1.0
3482	1r1q1rk1/1b2n2p/p2pp1pN/1pp2p2/1nP1PP2/1PQ3P1/P3N1BP/R4RK1 b - - 1 19	True	False	1.0
3485	6B1/r2n3p/4N2k/p4Q2/7R/3P2P1/1P2P2P/2R3K1 b - - 4 32	True	False	1.0
3493	3r4/3B1p1p/3p1k2/3Npb1P/p5R1/P4n2/2P5/2K5 b - - 1 35	True	False	1.0
3534	8/pp5p/n1p2Q2/3r3k/2q1R1B1/6P1/P4P1P/6K1 b - - 0 32	True	False	1.0
3560	2r3k1/7p/4p3/pb1nQpB1/1q1P2P1/3K1P2/7P/3R2R1 w - - 6 34	True	False	1.0
3575	5r2/1N5k/p5r1/P7/7q/5n2/2Q3P1/1R2RBK1 w - - 10 48	True	False	1.0
3576	3r4/3r4/4R3/p6k/Pp1P3p/4K3/1P6/3B2R1 b - - 6 42	True	False	1.0
3578	4r1k1/8/p1PR3p/1p3p2/2qK1P1b/8/P2Q2P1/8 w - - 6 36	True	False	1.0
3591	8/8/p7/1p4P1/8/3kp3/P5RP/1r2K3 w - - 1 52	True	False	1.0
3593	r3r3/pp3pbk/2pp2pp/4n3/2PB4/1PN1N1PB/P2QPP2/3RRK1q w - - 1 27	True	False	1.0
3609	6R1/1pp3kp/6p1/3B2P1/7P/3r4/p4K2/8 b - - 5 38	True	False	1.0
3612	b3rnr1/5p2/7k/p2p1p2/1ppP3R/2P5/PPB2K1P/6R1 b - - 1 36	True	False	1.0
3618	3r2k1/5ppp/p4b2/2p1q3/1p2K3/1P3B1P/5PP1/3R3R w - - 2 31	True	False	1.0
3620	1r4k1/4pp1p/3p2p1/2pP4/R2b1P2/1P3nPB/5r2/3R1K2 w - - 6 42	True	False	1.0
3625	2rq1rk1/1b2b2Q/ppn1p1p1/5pP1/3P4/P3PN2/1P3PP1/1BR1K2R b K - 1 20	True	False	1.0
3626	8/p2k4/6R1/1p6/1PP5/1K1r4/7r/8 w - - 1 64	True	False	1.0
3629	7k/4KQ2/8/4B1P1/8/5P2/8/8 b - - 5 63	True	False	1.0
3643	6k1/6pp/1p3p2/p7/4P3/P3Q1Pb/2N4q/2R1BK2 w - - 1 36	True	False	1.0
3652	1k3b2/8/r1p1p3/1p3n1p/1PKPNP2/P4r2/1B6/8 w - b6 0 41	True	False	1.0
3676	3rr1k1/3qbpQp/p1pp2b1/5N2/2P1Pp2/1P6/P1B2PPP/3RR1K1 b - - 0 23	True	False	1.0
3677	4R1k1/1R6/2B5/1P4p1/8/8/1P4KP/3n4 b - - 3 40	True	False	1.0
3704	4r1k1/1p3p1p/2pR2pB/p7/P1P5/1P4Pb/3R1K1P/5r2 w - - 4 31	True	False	1.0
3724	R4k2/2R5/6P1/8/4B3/6P1/6K1/8 b - - 6 46	True	False	1.0
3736	4r1r1/2pk1p1p/p2b4/1p6/3N2P1/1PP2P2/1P1P1R2/R1B2K1q w - - 3 31	True	False	1.0
3738	2rq3k/1p1b1Q2/3P2N1/p1r1p2p/2p1P3/1p4PB/1P3P1P/3R2K1 b - - 2 30	True	False	1.0
3755	3rk2r/ppp1pp1p/2n3p1/8/PPP1P2b/3q1B1P/2N1K3/1RB5 w k - 1 30	True	False	1.0
3762	r2qnr2/2p1b3/p1nkQp2/1p1p4/3P3P/1PN2P2/PBP2P2/2KRR3 b - - 6 22	True	False	1.0
3776	8/7p/prR5/3n3k/5PB1/5KP1/8/8 b - - 1 58	True	False	1.0
3777	8/8/p1n5/1p1k4/1K6/PP4r1/2P1R1P1/8 w - - 7 44	True	False	1.0
3831	6k1/5p2/4p1p1/1PN1Pb2/P2K1P2/2q3r1/8/8 w - - 5 51	True	False	1.0
3851	B1br1r2/2k1b2p/5p1q/B4Pp1/3QP3/8/P5PP/1R2K2R b K - 8 31	True	False	1.0
3875	4R3/4kppp/1p2p3/1Bn1P3/1p6/p4PP1/1n1N3P/6K1 b - - 1 32	True	False	1.0
3890	1R4k1/6pp/4P3/8/1P1K4/3P4/8/6r1 b - - 2 43	True	False	1.0
3894	r3k2r/ppp2pp1/1bn1p2p/8/1P1P2P1/P7/2PRQ2P/q1K3NR w kq - 1 19	True	False	1.0
3937	r1b1k2Q/1p1ppp1p/6p1/8/1nq1PP2/p4P1P/5KB1/1R5R b kq - 0 24	True	False	1.0
3965	6k1/3p1p1p/1R4p1/p2PP3/5P2/R3P3/P3r2P/2r3K1 w - - 1 32	True	False	1.0
3967	r1bqr1k1/pp3pQp/2n5/2bp4/2P3n1/1P3NP1/PB1NPPBP/R3R1K1 b - - 0 16	True	False	1.0
3971	2r5/2N4p/p3R1p1/4kp2/8/1N2b1P1/P6P/7K b - - 18 46	True	False	1.0
3988	3rr3/1bpqkpB1/p1n2Q2/4p3/p2P4/5NN1/BP3PPP/R3R1K1 b - - 0 24	True	False	1.0
4009	2r5/4p3/3p1npk/6N1/5n1N/1P1r2PK/4R2P/4R3 w - - 0 40	True	False	1.0
4015	5R1k/7p/pN6/n1p5/P1r5/6R1/1P4PP/6K1 b - - 0 33	True	False	1.0
4022	6k1/1p2npp1/p6p/1b1R1P2/P7/1P6/6PP/5rK1 w - - 0 32	True	False	1.0
4023	6r1/1b5R/2k1R3/1p1p1p2/2pB1P2/P1P5/1PK3PP/8 b - - 4 36	True	False	1.0
4037	2R5/6pk/2p3p1/8/2PnN3/2b5/5PPP/1r4K1 w - - 7 42	True	False	1.0
4051	6k1/1b2npp1/7p/1P2p3/R7/6P1/5P1P/3q2K1 w - - 0 28	True	False	1.0
4056	6k1/4r2p/2BP2p1/1p3p2/2bP1P2/2Q3P1/6KP/5q2 w - - 5 37	True	False	1.0
4057	3K4/q3n3/p7/1b3k2/3rn3/8/8/8 w - - 12 72	True	False	1.0
4062	1k2R3/p2R4/5p1p/2p3p1/8/2P2N2/PP2KPPP/8 b - - 2 29	True	False	1.0
4063	8/6k1/5r2/2R5/1P2bP1p/P1Q2nrK/8/8 w - - 4 48	True	False	1.0
4072	7k/p2bNp1p/3p1B2/2nP4/2p5/2P4P/PrB2PP1/R5K1 b - - 2 26	True	False	1.0
4080	8/pp4k1/2pNbn2/R7/1P1q3p/N6n/PKB5/4r3 w - - 2 57	True	False	1.0
4099	8/1p4Rp/1P4k1/P4pn1/7R/2Br2P1/6KP/1r6 b - - 10 41	True	False	1.0
4132	8/5P2/4R3/1P3R1k/3pP3/2pP2K1/2P4P/8 b - - 6 52	True	False	1.0
4135	8/1p3k2/2pb1p2/P2p1K1N/3P2P1/1N2n3/8/8 w - - 8 42	True	False	1.0
4140	r2n1rk1/pb1q1p2/1p2pP2/3pP3/3p2Q1/1PP5/P4PP1/R1B1K2R b KQ - 1 19	True	False	1.0
4158	r2kr3/p4pb1/2p2npp/B7/8/3PR1PB/bP3P1P/2R3K1 b - - 1 24	True	False	1.0
4162	8/8/8/p1RR3p/1r1kp3/1n6/5PK1/8 b - - 1 51	True	False	1.0
4175	r1b2k2/3Pq1p1/p1p2pNp/8/1PBP4/P3BP1R/3Q1KP1/R7 b - - 2 36	True	False	1.0
4178	6R1/1pp4r/3p4/p2P3k/2P5/3P3R/PP1b2K1/8 b - - 7 46	True	False	1.0
4181	6k1/R5b1/2p3pp/4pp2/N3P3/8/PPP2PPP/3r2K1 w - - 3 24	True	False	1.0
4184	4r1kr/p4p1p/3b1NpB/2p5/8/7P/PPP2PP1/3RR1K1 b - - 0 20	True	False	1.0
4188	6r1/p1p1kp2/2pp1n1p/4p3/3bP3/P1NP4/1PPBKq2/R2Q4 w - - 0 25	True	False	1.0
4214	8/1k3pBp/4p3/1p2P3/1P6/5b2/3P1P1P/r4K2 w - - 1 40	True	False	1.0
4222	3n4/1p4r1/p1ppP1pk/3Pp3/7Q/6P1/PPP2PK1/8 b - - 1 33	True	False	1.0
4228	7r/4kp2/5n1p/2p1n1p1/p2pP1PP/3P4/2q1K1Q1/1r2RB1R w - - 0 31	True	False	1.0
4235	3R2k1/5ppp/2r1b3/2N4q/p4n1P/P4P2/1P3BP1/5BK1 b - - 1 36	True	False	1.0
4251	6k1/1b5p/4p1p1/pP2Pp2/P1P2P2/1R2p3/6PP/3r2K1 w - - 1 45	True	False	1.0
4294	8/p1p1Bp1R/1p1p4/4PB1k/3P1P2/2P1K2P/P1P5/5b2 b - - 8 33	True	False	1.0
4301	8/3N4/4p2p/4kp2/3R4/4P3/r4PP1/6K1 b - - 3 38	True	False	1.0
4310	2kq2n1/pB5R/4p3/2p1B1P1/2P5/1P2P3/P3K3/5R2 b - - 0 30	True	False	1.0
4317	8/8/3R4/Pp2pkpp/2p5/2P2n2/P5r1/3K2q1 w - - 1 61	True	False	1.0
4326	6k1/4pp1p/6p1/pp3P1P/6P1/1b6/3r4/2r3K1 w - - 3 39	True	False	1.0
4367	2r2k2/1p1b2pp/pb1B1n2/8/8/1B6/PPP2PPP/3RR1K1 b - - 1 25	True	False	1.0
4368	1R3bk1/1p5p/p7/P5P1/r6P/3B2R1/KPPn4/8 w - - 1 41	True	False	1.0
4379	2rr2k1/4bpp1/pq1pb2p/1p2pP2/4P3/P1NB2nP/1PPQ2PN/R2R3K w - - 1 20	True	False	1.0
4413	6k1/4pp2/r1np2pP/1R4P1/1K2PN2/2P5/3n4/5B2 w - - 3 48	True	False	1.0
4434	8/3R4/k3QK1P/8/pP1N4/P7/1P5P/8 b - - 2 77	True	False	1.0
4448	2r5/1b4r1/1p2P2p/p2R3P/3NR1k1/1P6/P4KP1/8 b - - 2 41	True	False	1.0
4454	8/2kr4/1p5b/pP3P2/3qK1pP/6P1/P7/8 w - - 1 40	True	False	1.0
4480	4R2k/p5pp/5p2/5b2/3q3P/1P6/PBr2PP1/6K1 b - - 1 28	True	False	1.0
4493	8/4Q3/3R2k1/2R4p/2P5/7p/r4PP1/6K1 b - - 3 46	True	False	1.0
4529	1k2r3/ppp2p1b/2n2q1p/6p1/Q1P3P1/PN2P1BP/1PrK4/3RR3 w - - 4 27	True	False	1.0
4531	7k/4N3/p6p/5Qp1/3Bp3/2P3P1/P4P1P/5K2 b - - 6 33	True	False	1.0
4542	8/8/4p3/3pPp1p/8/2k5/3q4/1r4K1 w - - 0 61	True	False	1.0
4564	R3rk2/2p3p1/7p/2BQp3/7P/6P1/PPP2P2/2K4R b - - 4 37	True	False	1.0
4577	8/k6B/8/3b4/R7/4P3/P2B1PPP/1R4K1 b - - 7 38	True	False	1.0
4581	4rrk1/pppq1p2/3p3Q/4pp2/2B1P3/P1PP2RP/2P2PP1/5RK1 b - - 1 21	True	False	1.0
4591	2r3k1/5ppp/pp2p3/3p4/2pPnB2/3bP2P/Pn1b1PP1/R3K2R w - - 0 24	True	False	1.0
4592	2r4r/p3kp2/4p2p/6p1/Pb6/3N1qB1/1P3P1P/1Q1K2R1 w - - 3 28	True	False	1.0
4618	8/7p/p3k1p1/2n1b3/Pp2K2P/6r1/1P3N2/1R6 w - - 4 39	True	False	1.0
4629	r1b5/1pq2p2/2k1p3/1pQ5/1P4n1/2P2R2/P4PPP/3R2K1 b - - 3 27	True	False	1.0
4636	4r3/1b3Qbk/2q3N1/p1npP1p1/2pP1P2/2B5/PP4K1/7R b - - 1 43	True	False	1.0
4655	2R5/3rbR1k/pp4pp/3PP3/3PB3/7P/PP6/6K1 b - - 0 28	True	False	1.0
4658	8/B3k2p/3p4/7p/5n2/5P1P/P5rK/4r3 w - - 1 33	True	False	1.0
4703	6k1/R3p2p/2p1P1p1/5pb1/2P5/8/5PPP/2r3K1 w - - 1 25	True	False	1.0
4704	8/pb3k2/1pp1p1p1/2P1Pnq1/P4r2/2PP3r/5P2/4RRK1 w - - 1 29	True	False	1.0
4707	Q1kr1b1r/1n1q1pp1/3p3p/3N4/1p2PP2/4B2P/P1P3P1/2KRR3 b - - 4 33	True	False	1.0
4709	Q4k2/2R5/8/8/5pn1/1BP5/1P6/1K6 b - - 5 46	True	False	1.0
4740	4r3/1pp1rpk1/p2p2pb/3P3p/1P2P3/P1R2QP1/5N1P/5q1K w - - 0 37	True	False	1.0
4755	8/4R3/7r/7k/2P1KRQ1/3P4/8/8 b - - 4 73	True	False	1.0
4774	r2qk1nr/1pp3pp/p1n2p2/4p3/3pP2B/bPNP1N1P/b1PQBPP1/2KR3R w kq - 2 14	True	False	1.0
4797	1nq2rk1/4N3/n2r1Pp1/p3p1P1/P3P3/1Q6/1P6/1K5R b - - 3 36	True	False	1.0
4816	b2n2Q1/2q1bk2/p2p1r2/1p2p3/4P3/1N2BP2/PPP5/1K4R1 b - - 9 29	True	False	1.0
4819	6k1/5ppp/p4n2/4p3/3q4/1b2KP2/1P2B2P/2R4R w - - 6 28	True	False	1.0
4820	r2r1b2/1b4k1/4B1Pp/p1qpQ3/1p2P3/5P2/PPP5/1K1R2R1 b - - 0 27	True	False	1.0
4828	r1b2r2/2p3pk/p2p4/2p4R/7N/1B5P/PPP3P1/R1B3K1 b - - 0 20	True	False	1.0
4848	r1b2rk1/3p1ppp/1p2pq2/p7/1nP1P3/1nN2N2/1P1B1PPP/1QKR1B1R w - - 2 14	True	False	1.0
4853	5Q2/1k2Pp2/1p6/p1pb4/2P5/1P1K2r1/P1B2q2/8 w - - 2 45	True	False	1.0
4854	R5k1/2R5/7p/6p1/1B1Pp1P1/5N2/1P3P2/6K1 b - - 1 35	True	False	1.0
4861	8/6pp/8/2p1n3/1p1p4/1P1P2k1/2P5/2b1r1K1 w - - 8 43	True	False	1.0
4865	8/p5k1/8/p6K/P1p4P/1rP2b2/6r1/8 w - - 3 48	True	False	1.0
4875	6k1/2p2p1p/bp2p1p1/p3P3/8/2R2P1P/P5r1/3RK2r w - - 8 40	True	False	1.0
4893	r1b2r1k/pp4p1/3P2p1/4qp2/2B1n3/7R/PP1Q2PP/R5K1 b - - 1 21	True	False	1.0
4896	1R1k4/7p/3P4/2N5/8/1p2P1KP/r1b3P1/8 b - - 10 45	True	False	1.0
4932	r1bN1nn1/2p2k1p/1p1p2qr/p2P1p2/1PP2P2/P1Q2BP1/1B5P/4RRK1 b - - 14 28	True	False	1.0
4941	3R2k1/5ppp/8/2n5/1PB5/r7/6PP/6K1 b - - 1 36	True	False	1.0
4952	6k1/1B4p1/R6p/7P/1pRP1rK1/3nr3/1P6/8 w - - 3 49	True	False	1.0
4964	6bk/8/7p/4qB2/p1PK1bP1/1p1Q4/1P1N4/8 w - - 10 60	True	False	1.0
4978	3r2k1/1p3pp1/p6p/8/1P2bnn1/2QB4/P2RKPP1/3R3q w - - 4 31	True	False	1.0
4986	8/R7/8/1p3p2/1R6/5K2/3B1P1P/k7 b - - 5 58	True	False	1.0
4998	8/p2R4/1p4k1/2p1b3/2P2Pp1/6n1/PP3r2/6NK w - - 0 33	True	False	1.0
5011	8/pk2n3/1pn4N/3pP1Bb/2pPqK2/P1P3Q1/5P2/8 w - - 14 43	True	False	1.0
5018	6rk/8/p2pN3/3Pp1p1/1P2P3/3n1B2/P6R/6K1 b - - 8 37	True	False	1.0
5019	r1bk2R1/p6p/Bp1Pp3/3pNn2/3P4/8/6PP/6K1 b - - 3 28	True	False	1.0
5021	6R1/6kp/p4r2/2pB4/2Pp4/3b3P/PP1B2Kb/8 b - - 7 31	True	False	1.0
5032	R4k2/3R4/8/1p6/1P2P3/P6P/5KP1/8 b - - 6 43	True	False	1.0
5034	5k1R/8/5K2/8/4N3/6P1/8/8 b - - 4 60	True	False	1.0
5050	7k/8/8/8/4P1Q1/3P3R/PPPN1PPP/R5K1 b - - 8 35	True	False	1.0
5069	8/5pn1/Bp4P1/p2k1Kp1/P2b4/6r1/3BR3/8 w - - 1 61	True	False	1.0
5077	8/p5kp/p5p1/2R5/5P2/P3PP1b/1P5P/5rK1 w - - 0 31	True	False	1.0
5080	3r1rkb/pp3p1p/2p1qPpN/3p4/8/2PQ2P1/PP2P1KP/R4R2 b - - 4 23	True	False	1.0
5086	8/8/7R/2N5/2PP1K1k/P7/1P6/8 b - - 4 62	True	False	1.0
5106	8/p6p/6p1/4Q1b1/1P2P2k/5P2/P5K1/7R b - - 2 37	True	False	1.0
5114	4kr2/p3R2p/1pN2ppb/2nP4/8/r7/6PP/B4RK1 b - - 9 33	True	False	1.0
5121	2R2k2/5p2/p4Ppp/1p1n4/8/1PP4P/1P4P1/5K2 b - - 2 32	True	False	1.0
5128	8/3Q1p1p/2p1kqrb/3R1bp1/6n1/1PN1P3/1PP2PP1/1K5R b - - 3 29	True	False	1.0
5181	5r1k/p5p1/2p4p/4pp2/2NbP3/1B1P1qP1/P6P/3R3K w - - 1 28	True	False	1.0
5202	6R1/1pp3kp/1p4p1/6P1/8/1BP5/PP3r2/2KR4 b - - 1 31	True	False	1.0
5209	7Q/8/1R6/5K2/8/5P1P/p5P1/k7 b - - 3 56	True	False	1.0
5212	5k2/2r3p1/2n2pNp/3Q4/8/6P1/1PP2P1P/4R1K1 b - - 5 31	True	False	1.0
5222	6k1/p5p1/1r2p2p/3p4/1N6/8/5PPP/4r1K1 w - - 0 35	True	False	1.0
5225	2b3k1/5pp1/1R1p3p/8/5N2/3B1P2/r5PP/2r1K2R w K - 4 29	True	False	1.0
5238	8/8/8/5P2/6K1/8/p3R3/k4Q2 b - - 1 53	True	False	1.0
5240	r7/ppp1brp1/3k4/4p2P/PPR1P1Q1/2PR1P2/1K4B1/8 b - - 0 37	True	False	1.0
5243	8/3k2pR/1p2q2P/5KP1/P2b1P2/3p4/6r1/8 w - - 5 48	True	False	1.0
5254	8/7N/p1n5/4p3/1p2k2R/2P1N3/PP2K3/8 b - - 1 50	True	False	1.0
5260	8/8/2R5/1R2kpB1/r2pp2P/6P1/8/6K1 b - - 1 55	True	False	1.0
5263	r4rk1/pp3pp1/1b5p/P3p1q1/1P6/1BQP1b2/5P1P/1R3RK1 w - - 0 22	True	False	1.0
5273	8/R7/3b1pk1/3p4/8/1P4PP/r7/1q2K3 w - - 2 48	True	False	1.0
5292	2Q1k3/5q2/6p1/p2p3p/1p2pP1B/1P1nP2P/P5PK/8 b - - 16 45	True	False	1.0
5310	8/5B2/5n2/r3rp1k/5Q1p/1K6/1P6/8 b - - 15 57	True	False	1.0
5314	2R2K2/8/6B1/8/8/3k4/2r2Q2/8 b - - 9 68	True	False	1.0
5321	6k1/7p/3Br1nN/1p6/3Q4/7B/2q2P1K/8 b - - 1 41	True	False	1.0
5340	4rb2/p2r1p1p/1kR3p1/N3p1Bn/1P2P3/P4P2/4BKPP/8 b - - 0 23	True	False	1.0
5348	8/8/8/5k2/NP1R3K/4r3/P7/7r w - - 1 59	True	False	1.0
5351	1r6/4pk1p/1pR3p1/p1b5/P2r4/6PK/7P/5q2 w - - 2 39	True	False	1.0
5356	4R3/8/7p/8/2kb4/3q1P2/2n3PP/4K3 w - - 6 67	True	False	1.0
5374	5B2/1p3p2/p1pP2p1/4p2k/4N2p/8/PPP1BPPP/2KR4 b - - 7 28	True	False	1.0
5383	8/p1r2pk1/1b6/1Q4pp/3P4/3RPbPP/3BKP2/3R3q w - - 13 39	True	False	1.0
5432	4r3/4k1pp/3p4/4pQB1/1PB4P/8/Pq3PP1/2R1K2R b K - 2 27	True	False	1.0
5442	6k1/1R6/pPp3pp/2P4r/P7/2R3P1/5PPK/4r3 w - - 3 38	True	False	1.0
5455	8/2b2pkp/p3p1p1/1n6/8/1P1N3P/6P1/5r1K w - - 2 36	True	False	1.0
5464	8/3R1Q2/2N2k1p/1K3pp1/1P2Pp2/4bP1P/2r3P1/8 b - - 6 56	True	False	1.0
5466	5r1k/ppq2p2/8/3p2Q1/3P3R/1B5P/PPP3P1/6K1 b - - 4 33	True	False	1.0
5467	8/2Q5/k3P3/p2P2P1/4K3/7P/1P2B3/8 b - - 6 58	True	False	1.0
5468	4R1k1/p2r1ppp/1pq1p3/8/2P5/1P4P1/P4P1P/3R2K1 b - - 0 28	True	False	1.0
5480	2R2k2/1R6/7p/6p1/r7/2p5/P1P3PP/5K2 b - - 5 40	True	False	1.0
5486	8/4rpk1/6p1/3P4/2Q4p/5BbP/6P1/3R1K1q w - - 3 40	True	False	1.0
5524	2rr4/1b3q2/np6/p3QkpB/2p2P2/P3P2R/2P2KP1/8 b - - 5 33	True	False	1.0
5525	4kb1r/2N1np1p/1pp1p1p1/8/8/1P2BP2/P3KPPP/R2R4 b k - 1 18	True	False	1.0
5543	R1k5/2p5/3r2p1/1QpP1p1p/5q1P/2K5/P7/8 b - - 3 51	True	False	1.0
5546	8/8/2p2pk1/6p1/P7/2R2P1p/6r1/R3K2r w - - 2 48	True	False	1.0
5549	1r1q4/1pp4p/p2pBQpk/3Pn3/2P4R/1P4P1/P5KP/8 b - - 5 35	True	False	1.0
5552	r3rk2/1p2qp2/2p4B/p4P2/2Ppp1Q1/1P1P2P1/P4PK1/3R4 b - - 0 30	True	False	1.0
5555	4k2R/8/4BB2/p2K4/P7/8/1PP3P1/8 b - - 0 49	True	False	1.0
5566	r2R4/pkr5/5R1p/Npp2p2/7p/2P3bP/PPK5/8 b - - 19 37	True	False	1.0
5567	3B1r2/8/4R2p/p2p3k/P1pP4/2P2P2/1P4K1/7R b - - 0 32	True	False	1.0
5592	1Q6/5pkp/6p1/P4n2/2r1p3/6P1/3r4/3q1K2 w - - 4 38	True	False	1.0
5595	8/5pkp/p2P1p2/8/1R6/6q1/P2RK3/4r3 w - - 6 45	True	False	1.0
5619	8/5R2/5Q2/4p1kp/2K3pb/1P6/4P1B1/8 b - - 7 44	True	False	1.0
5626	4Rk2/6pp/B2N4/Pp6/2p5/r1n3KP/5PP1/8 b - - 1 41	True	False	1.0
5641	rn1q1k1r/2p2p1p/pp1p3B/3P4/1Q5b/5PR1/PPP2P1P/2K1RB2 b - - 6 16	True	False	1.0
5654	5r2/P7/1p6/1b1kP1b1/3P3p/2R1K3/7P/8 w - - 1 47	True	False	1.0
5671	5k2/5R1P/1p1N4/p3P1b1/P1P5/3K4/2P4r/8 b - - 2 48	True	False	1.0
5674	2R1k2r/1p1pqppp/3p4/4Q3/1n6/5N2/1PPP1PPP/2B1K2R b Kk - 0 12	True	False	1.0
5686	6k1/2Rnbpp1/4p2p/8/8/2p5/5PPP/B2q1K2 w - - 2 34	True	False	1.0
5689	8/3Rppkp/p5p1/1p6/2p3BP/P1P3P1/1Pr5/4K2r w - - 3 35	True	False	1.0
5701	r4rk1/ppp2pp1/7p/3Pp3/3n1q2/1PbP4/P1P1KP1P/3R1BR1 w - - 3 16	True	False	1.0
5710	4n3/ppb1k2p/1np5/6p1/1P6/P1NR4/6PP/5r1K w - - 1 31	True	False	1.0
5726	2Q5/4krb1/4p1p1/3pP3/1B1P1PPr/P7/1P6/6K1 b - - 2 39	True	False	1.0
5727	8/3P1p2/4r1p1/2R3bp/2N1pk2/2P2PP1/1P2K2P/8 b - - 0 36	True	False	1.0
5728	5rk1/8/p7/1pR1Nb2/1P1Pq3/P1P2KP1/5P2/8 w - - 9 46	True	False	1.0
5751	6k1/1p2r1p1/7p/p1b5/2R1B3/3P1pP1/PP1QK2P/7q w - - 0 34	True	False	1.0
5753	r1b2rk1/ppp2pbp/2np2p1/8/3N1P1q/1PPPn3/PB1QP1BP/RN2K2R w KQ - 5 12	True	False	1.0
5757	4R1k1/pp4p1/2nB3r/6Np/8/7P/PP3PP1/6K1 b - - 2 23	True	False	1.0
5782	2k5/7R/B1N1p1p1/2P2p2/3K1Prp/8/8/8 b - - 7 56	True	False	1.0
5810	8/p4pkp/6p1/8/1Q6/1P1qPnP1/P4P1P/4K3 w - - 11 34	True	False	1.0
5811	r3kbnr/ppp1q1pp/5p2/8/1nNP1pb1/2N1p3/PPP1K1PP/R1B1QB1R w kq - 2 12	True	False	1.0
5824	6k1/6pp/2p5/1b6/pP2Pp2/N4P2/P1N2KPP/5r2 w - - 2 39	True	False	1.0
5836	3R2k1/p1p2ppp/b1N5/4P3/8/1P3B2/P1r2PPP/4R1K1 b - - 1 23	True	False	1.0
5844	N2Q4/3R2kp/p3B1p1/1p3p2/2p1P3/1P2B3/5PPP/4K1NR b K - 2 26	True	False	1.0
5847	5bnr/1pN1kp1p/p1n3p1/2B1P3/6b1/5N2/PPP1BPPP/3R2K1 b - - 1 15	True	False	1.0
5851	5R2/kp4R1/p7/8/3Q4/PP6/2P5/2K5 b - - 2 51	True	False	1.0
5862	2r1k2r/p1pbbpp1/3p3p/4p3/3n2P1/3BKq1P/2PQ1P2/7R w k - 0 20	True	False	1.0
5875	r4r1k/ppp3pn/2np3p/2P1p3/N3P3/1B3q1b/PP1QKP2/3RR3 w - - 0 21	True	False	1.0
5884	8/KPq1k3/4p3/8/r7/8/4p3/8 w - - 0 55	True	False	1.0
5895	8/8/1p5R/4P3/3PN2k/q7/4BK2/8 b - - 10 67	True	False	1.0
5917	6k1/pppq2pp/2nb4/8/2Pp4/P4Q1P/1P3PP1/R1B1r1K1 w - - 1 21	True	False	1.0
5928	8/4N3/1p5p/p1n2kp1/8/1B2K2P/5P2/B7 b - - 2 47	True	False	1.0
5937	8/8/2R5/1Q1R4/8/2k2P1P/P5BK/8 b - - 0 61	True	False	1.0
5952	2k1r3/1pp2ppp/p4n2/8/3r1bb1/2N2N2/PPP2PPP/R2K4 w - - 0 17	True	False	1.0
5957	6R1/pp1b2kp/6p1/3B1nP1/2P2P2/1P6/P5K1/8 b - - 2 38	True	False	1.0
5960	6k1/2N5/3b2pp/1R3p2/8/7P/PP3PP1/2r3K1 w - - 3 46	True	False	1.0
5961	8/1k3ppp/1p1bp3/3b4/2P5/6PP/P1R2P1K/7r w - - 1 26	True	False	1.0
5976	2k4r/BpQ1n2p/p2r1p2/1P1b1q2/P3pPp1/1B4P1/7P/2R1NRK1 b - - 0 29	True	False	1.0
5977	8/p2b4/1p1b2k1/3N4/K3p2p/1P2P3/PB6/8 w - - 1 51	True	False	1.0
5989	8/1p2p3/5kp1/p1RK1p1p/2P2P1P/P2r4/6P1/8 w - - 3 39	True	False	1.0
5995	3N4/8/8/1Q4p1/3k4/3R1PKP/6P1/8 b - - 8 60	True	False	1.0
5999	8/p5kp/3Nppb1/8/3n1p2/RP5P/5PP1/2r2K2 w - - 5 49	True	False	1.0
